,count,mean,std,min,25%,50%,75%,max
model_year,3934.0,2015.4534824605998,6.113615938622232,1974.0,2012.0,2017.0,2020.0,2024.0
milage,3934.0,65805.60701576005,52180.621731651154,100.0,24285.0,54000.0,95000.0,405000.0
price,3934.0,37884.62608032537,29948.902973613232,2000.0,17000.0,30500.0,48000.0,200000.0
car_age,3934.0,9.546517539400101,6.113615938622233,1.0,5.0,8.0,13.0,51.0
